Workbook
Name FromArray_1: _xlfn.ANCHORARRAY(#REF!)

Sheet REGULAMENTO
B2: Circuito NCT Vôlei de Praia 2026
B3: 1ª Etapa (Arena Caffe)
B4: 🏐 Master 50+ Masculino 🏐
B5: REGULAMENTO
B7: 📍 CHECK-IN DO TORNEIO | DADOS TÉCNICOS
B8: DATA: 23/05/2026 (Sábado) às 8h (início do Jogo 1)
B9: LOCAL: Arena Caffe (Gama) 📍 localização anexada no grupo de Whatsapp
B10: FORMATO: 9 Duplas | 17 Partidas | 3 Grupos de 3 duplas | 1 Quadra
B11: SET: Único de 21 pontos (exceto Final 2)
B13: 🏐 FASE DE GRUPOS:
B14: Eliminação: apenas uma dupla é eliminada na fase de grupos.
B15: Classificação: Passam às quartas as 2 (duas) melhores duplas de cada grupo + 2 melhores 3ª (terceiras) colocadas entre os grupos.
... B18: O ranqueamento do 1º ao 8º para os playoffs segue a hierarquia abaixo:
B19: Blocos | D19: A: 1º ao 4º Geral | H19: B: 5º ao 8º Geral
B20: Desempate | D20: 1º | E20: Número de vitórias
D21: 2º | E21: Ponto Average
D22: 3º | E22: Confronto direto
D23: 4º | E23: Sorteio (cara ou coroa)
B24: ⚠️ Nota: | C24: Na classificação geral, segue-se os critérios acima, independente da posição conquistada no grupo
B26: 🔥 CHAVEAMENTO (MATA-MATA)
B27: BLOCO A | C27: · J10: 1º GERAL vs 8º GERAL | F27: · J11: 4º GERAL vs 5º GERAL | I27: · SEMIFINAL 1: V. J10 x V. J11
B28: BLOCO B | C28: · J12: 2º GERAL vs 7º GERAL | F28: · J13: 3º GERAL vs 6º GERAL | I28: · SEMIFINAL 2: V. J12 x V. J13
B29: · FINAL 1: Bronze (Perdedores das semifinais) | G29: · FINAL 2: Ouro e Prata (Vencedores das seminifinais)
B31: 📜 REGRAS DE CONDUTA E TÉCNICA
B32: W.O. & DESISTÊNCIA: No W.O, vitória da dupla presente, sem saldo de pontos. Em desistência, placar de 21 (ou dif. de 2) para quem ficou mantendo-se o placar do desistente.
B33: CLIMA/INTERRUPÇÃO: Até 4h de pausa, mantém o placar. Após 4h, reinício (0x0).
B34: UNIFORME: Camiseta NCT Temporada 2026 (Obrigatória). Bermudas iguais (Preferencial).
B35: DISCIPLINA: Tolerância zero para violência ou desrespeito. Sujeito a banimento imediato.
B37: 📈 PONTUAÇÃO RANKING NCT (Individual) | I37: 🏆 PREMIAÇÃO
B38: 🥇 1º | C38: 🥈 2º | D38: 🥉 3º | E38: 🏅 4º | F38: 🎖️ 5º a 8º | G38: 🎖️ 9º a 16º | I38: 1º a 4º lugar
B39: 300 | C39: 240 | D39: 190 | E39: 150 | F39: 120 | G39: 100 | I39: Troféus

Sheet GRUPOS
B2: Circuito NCT Vôlei de Praia 2026
B3: 1ª Etapa (Arena Caffe)
B4: GRUPOS (Master 50+ Masculino)
B5: Distribuição pelo ranking no modo serpentina
B7: GRUPO A | F7: GRUPO B | J7: GRUPO C
B8: RK | C8: DUPLA | D8: CÓD | F8: RK | G8: DUPLA | H8: CÓD | J8: RK | K8: DUPLA | L8: CÓD
B9: 1º | C9: =C17 -> Bena/Raimundo | D9: A1 | F9: 2º | G9: =C18 -> Miler/Divino | H9: B1 | J9: 3º | K9: =C19 -> Marcão/Toni | L9: C1
B10: 6º | C10: =C22 -> Dedé/Marcelo Brito | D10: A2 | F10: 5º | G10: =C21 -> Jorginho/Cláudio | H10: B2 | J10: 4º | K10: =C20 -> Fábio/Manu | L10: C2
B11: 9º | C11: =C25 -> Felício/Neudson | D11: A3 | F11: 8º | G11: =C24 -> Marcello Sandi/Tut | H11: B3 | J11: 7º | K11: =C23 -> George/Renato | L11: C3
B14: Ranking 2025
B16: RK | C16: Dupla | J16: CÓD | K16: Ranking 2025 | O16: RANKING | P16: DUPLA | Q16: AT 1 | R16: AT 2 | S16: TOTAL
B17: 1º | C17: Bena/Raimundo | J17: A1 | K17: 700 + 560 = 1260 | O17: 1º | P17: BENA/RAIMUNDO | Q17: 700 | R17: 560 | S17: =Q17+R17 -> 1260
B18: 2º | C18: Miler/Divino | J18: B1 | K18: 860 + 0 = 860 | O18: 2º | P18: MILER/DIVINO | Q18: 860 | R18: 0 | S18: =Q18+R18 -> 860
B19: 3º | C19: Marcão/Toni | J19: C1 | K19: 500 + 300 = 800 | O19: 3º | P19: MARCÃO/TONI | Q19: 500 | R19: 300 | S19: =Q19+R19 -> 800
B20: 4º | C20: Fábio/Manu | J20: C2 | K20: 260 + 120 = 380 | O20: 4º | P20: FÁBIO/MANU | Q20: 260 | R20: 120 | S20: =Q20+R20 -> 380
B21: 5º | C21: Jorginho/Cláudio | J21: B2 | K21: 240 + 0 = 240 | O21: 5º | P21: JORGINHO/CLÁUDIO | Q21: 240 | R21: 0 | S21: =Q21+R21 -> 240
B22: 6º | C22: Dedé/Marcelo Brito | J22: A2 | K22: 120 + 0 = 120 (Sorteio) | O22: 6º | P22: DEDÉ/MARCELO BRITO | Q22: 120 | R22: 0 | S22: =Q22+R22 -> 120
B23: 7º | C23: George/Renato | J23: C3 | K23: 120 + 0 = 120 (Sorteio) - Renato substitui Leo Oliveira | O23: 7º | P23: GEORGE/LEO OLIVEIRA | Q23: 120 | R23: 0 | S23: =Q23+R23 -> 120
B24: 8º | C24: Marcello Sandi/Tut | J24: B3 | K24: 0 (Sorteio) Tut substitui Eduardo | O24: 8º | P24: MARCELLO SANDI/EDUARDO | Q24: 0 | R24: 0 | S24: =Q24+R24 -> 0
B25: 9º | C25: Felício/Neudson | J25: A3 | K25: 0 (Sorteio) | O25: 9º | P25: NEUDSON/FELÍCIO | Q25: 0 | R25: 0 | S25: =Q25+R25 -> 0
C30: Bena/Raimundo
C31: Miler/Divino
C32: Marcão/Toni
C33: Fábio/Manu
C34: Jorginho/Cláudio
C35: Dedé/Marcelo Brito
C36: George/Renato
C37: Marcello Sandi/Tut
C38: Felício/Neudson

Sheet TABELA_AVERAGE
B2: Circuito NCT Vôlei de Praia 2026
B3: 1ª Etapa (Arena Caffe)
B4: 🏐 Master 50+ Masculino 🏐
B5: TABELA | P5: Average
AA6: Legenda:
B7: FASE DE GRUPOS | P7: GRUPO A | R7: Partidas | V7: Ponto Average | AA7: PP | AB7: Pontos Pró
B8: Jogo | C8: Grupo | D8: Hora | E8: Quadra | F8: Código | G8: Equipe 1 | K8: Equipe 2 | L8: Código | R8: PP | S8: PC | T8: PP | U8: PC | V8: TPP | W8: TPC | X8: Score | AA8: PC | AB8: Pontos Contra
B9: 1 | C9: A | D9: 8:00 | F9: A1 | G9: =GRUPOS!C9 -> Bena/Raimundo | I9: X | K9: =GRUPOS!C25 -> Felício/Neudson | L9: A3 | P9: A1 | Q9: =GRUPOS!C17 -> Bena/Raimundo | R9: =H9 -> 0 | S9: =J9 -> 0 | T9: =H15 -> 0 | U9: =J15 -> 0 | V9: =R9+T9 -> 0 | W9: =S9+U9 -> 0 | X9: =V9/W9 -> #DIV/0! | AA9: TPP | AB9: Total Pontos Pró
B10: 2 | C10: B | D10: 8:20 | F10: B1 | G10: =GRUPOS!C18 -> Miler/Divino | I10: X | K10: =GRUPOS!C24 -> Marcello Sandi/Tut | L10: B3 | P10: A2 | Q10: =GRUPOS!C10 -> Dedé/Marcelo Brito | R10: =H12 -> 0 | S10: =J12 -> 0 | T10: =J15 -> 0 | U10: =H15 -> 0 | V10: =R10+T10 -> 0 | W10: =S10+U10 -> 0 | X10: =V10/W10 -> #DIV/0! | AA10: TPF | AB10: Total Pontos Contra
B11: 3 | C11: C | D11: 8:40 | F11: C1 | G11: =GRUPOS!C19 -> Marcão/Toni | I11: X | K11: =GRUPOS!C23 -> George/Renato | L11: C3 | P11: A3 | Q11: =GRUPOS!C11 -> Felício/Neudson | R11: =J9 -> 0 | S11: =H9 -> 0 | T11: =J12 -> 0 | U11: =H12 -> 0 | V11: =R11+T11 -> 0 | W11: =S11+U11 -> 0 | X11: =V11/W11 -> #DIV/0!
B12: 4 | C12: A | D12: 9:00 | F12: A2 | G12: =GRUPOS!C22 -> Dedé/Marcelo Brito | I12: X | K12: =GRUPOS!C25 -> Felício/Neudson | L12: A3
B13: 5 | C13: B | D13: 9:20 | F13: B2 | G13: =GRUPOS!C21 -> Jorginho/Cláudio | I13: X | K13: =GRUPOS!C24 -> Marcello Sandi/Tut | L13: B3 | P13: GRUPO B | R13: Partidas | V13: Ponto Average
B14: 6 | C14: C | D14: 9:40 | F14: C2 | G14: =GRUPOS!C20 -> Fábio/Manu | I14: X | K14: =GRUPOS!C23 -> George/Renato | L14: C3 | R14: PP | S14: PC | T14: PP | U14: PC | V14: TPP | W14: TPC | X14: Score
B15: 7 | C15: D | D15: 10:00 | F15: A1 | G15: =GRUPOS!C17 -> Bena/Raimundo | I15: X | K15: =GRUPOS!C22 -> Dedé/Marcelo Brito | L15: A2 | P15: B1 | Q15: =GRUPOS!G9 -> Miler/Divino | R15: =H10 -> 0 | S15: =J10 -> 0 | T15: =H16 -> 0 | U15: =J16 -> 0 | V15: =R15+T15 -> 0 | W15: =S15+U15 -> 0 | X15: =V15/W15 -> #DIV/0!
B16: 8 | C16: A | D16: 10:20 | F16: B1 | G16: =GRUPOS!C18 -> Miler/Divino | I16: X | K16: =GRUPOS!C21 -> Jorginho/Cláudio | L16: B2 | P16: B2 | Q16: =GRUPOS!G10 -> Jorginho/Cláudio | R16: =H13 -> 0 | S16: =J13 -> 0 | T16: =J16 -> 0 | U16: =H16 -> 0 | V16: =R16+T16 -> 0 | W16: =S16+U16 -> 0 | X16: =V16/W16 -> #DIV/0!
B17: 9 | C17: B | D17: 10:40 | F17: C1 | G17: =GRUPOS!C19 -> Marcão/Toni | I17: X | K17: =GRUPOS!C20 -> Fábio/Manu | L17: C2 | P17: B3 | Q17: =GRUPOS!G11 -> Marcello Sandi/Tut | R17: =J10 -> 0 | S17: =H10 -> 0 | T17: =J13 -> 0 | U17: =H13 -> 0 | V17: =R17+T17 -> 0 | W17: =S17+U17 -> 0 | X17: =V17/W17 -> #DIV/0!
B19: QUARTAS DE FINAL | P19: GRUPO C | R19: Partidas | V19: Ponto Average
B20: 10 | C20: QF1 | D20: 11:00 | F20: 1G | G20: =R27 -> 1º Geral | I20: X | K20: =R34 -> 8º Geral | L20: 8G | R20: PP | S20: PC | T20: PP | U20: PC | V20: TPP | W20: TPC | X20: Score
B21: 11 | C21: QF2 | D21: 11:20 | F21: 4G | G21: =R30 -> 4º Geral | I21: X | K21: =R31 -> 5º Geral | L21: 5G | P21: C1 | Q21: =GRUPOS!K9 -> Marcão/Toni | R21: =H11 -> 0 | S21: =J11 -> 0 | T21: =H17 -> 0 | U21: =J17 -> 0 | V21: =R21+T21 -> 0 | W21: =S21+U21 -> 0 | X21: =V21/W21 -> #DIV/0!
B22: 12 | C22: QF3 | D22: 11:40 | F22: 2G | G22: =R28 -> 2º Geral | I22: X | K22: =R33 -> 7º Geral | L22: 7G | P22: C2 | Q22: =GRUPOS!K10 -> Fábio/Manu | R22: =H14 -> 0 | S22: =J14 -> 0 | T22: =J17 -> 0 | U22: =H17 -> 0 | V22: =R22+T22 -> 0 | W22: =S22+U22 -> 0 | X22: =V22/W22 -> #DIV/0!
B23: 13 | C23: QF4 | D23: 12:00 | F23: 3G | G23: =R29 -> 3º Geral | I23: X | K23: =R32 -> 6º Geral | L23: 6G | P23: C3 | Q23: =GRUPOS!K11 -> George/Renato | R23: =J11 -> 0 | S23: =H11 -> 0 | T23: =J14 -> 0 | U23: =H14 -> 0 | V23: =R23+T23 -> 0 | W23: =S23+U23 -> 0 | X23: =V23/W23 -> #DIV/0!
B25: SEMIFINAIS | P25: CLASSIFICAÇÃO GERAL
B26: 14 | C26: SF1 | D26: 12:20 | F26: VJ10 | G26: Venc. Jogo 10 | I26: X | K26: Venc. Jogo 11 | L26: VJ11 | P26: Ordem | Q26: Grupo | R26: Dupla | X26: P. Average
B27: 15 | C27: SF2 | D27: 12:40 | F27: VJ12 | G27: Venc. Jogo 12 | I27: X | K27: Venc. Jogo 13 | L27: VJ13 | P27: 1º | R27: 1º Geral
P28: 2º | R28: 2º Geral
B29: DISPUTA 3º LUGAR | P29: 3º | R29: 3º Geral
B30: 16 | C30: F1 | D30: 13:00 | F30: PJ14 | G30: Perd. Jogo 14 | I30: X | K30: Perd. Jogo 15 | L30: PJ15 | P30: 4º | R30: 4º Geral
P31: 5º | R31: 5º Geral
B32: FINAL (Jogo completo) | P32: 6º | R32: 6º Geral
B33: 17 | C33: F2 | D33: 13:20 | F33: VJ14 | G33: Venc. Jogo 14 | I33: X | K33: Venc. Jogo 15 | L33: VJ15 | P33: 7º | R33: 7º Geral
P34: 8º | R34: 8º Geral
